E_ele,M_ele
0.10414358907103709,0.012195121949732303
0.10488288611510047,0.012195121949732303
0.09260135819637862,0.012195121949732303
0.176573466988777,0.012195121949732303
